Louis, 0
Louis, 1
Louis, 2
Louis, 3
Louis, 4
Louis, 5
Louis, 6
Louis, 7
Louis, 8
Louis, 9
Louis, 10
Louis, 11
Louis, 12
Louis, 13
Louis, 14
Louis, 15
Louis, 16
Louis, 17
Louis, 18
Louis, 19
Louis, 20
Louis, 21
Louis, 22
Louis, 23
Louis, 24
Louis, 25
Louis, 26
Louis, 27
Louis, 28
Louis, 29
Louis, 30
Louis, 31
Louis, 32
Louis, 33
Louis, 34
Louis, 35
Louis, 36
Louis, 37
Louis, 38
Louis, 39
Louis, 40
Louis, 41
Louis, 42
Louis, 43
Louis, 44
Louis, 45
Louis, 46
Louis, 47
Louis, 48
Louis, 49
Louis, 50
Louis, 51
Louis, 52
Louis, 53
Louis, 54
Louis, 55
Louis, 56
Louis, 57
Louis, 58
Louis, 59
Louis, 60
Louis, 61
Louis, 62
Louis, 63
Louis, 64
Louis, 65
Louis, 66
Louis, 67
Louis, 68
Louis, 69
Louis, 70
Louis, 71
Louis, 72
Louis, 73
Louis, 74
Louis, 75
Louis, 76
Louis, 77
Louis, 78
Louis, 79
Louis, 80
Louis, 81
Louis, 82
Louis, 83
Louis, 84
Louis, 85
Louis, 86
Louis, 87
Louis, 88
Louis, 89
Louis, 90
Louis, 91
Louis, 92
Louis, 93
Louis, 94
Louis, 95
Louis, 96
Louis, 97
Louis, 98
Louis, 99
Louis, 0
Louis, 1
Louis, 2
Louis, 3
Louis, 4
Louis, 5
Louis, 6
Louis, 7
Louis, 8
Louis, 9
Louis, 10
Louis, 11
Louis, 12
Louis, 13
Louis, 14
Louis, 15
Louis, 16
Louis, 17
Louis, 18
Louis, 19
Louis, 20
Louis, 21
Louis, 22
Louis, 23
Louis, 24
Louis, 25
Louis, 26
Louis, 27
Louis, 28
Louis, 29
Louis, 30
Louis, 31
Louis, 32
Louis, 33
Louis, 34
Louis, 35
Louis, 36
Louis, 37
Louis, 38
Louis, 39
Louis, 40
Louis, 41
Louis, 42
Louis, 43
Louis, 44
Louis, 45
Louis, 46
Louis, 47
Louis, 48
Louis, 49
Louis, 50
Louis, 51
Louis, 52
Louis, 53
Louis, 54
Louis, 55
Louis, 56
Louis, 57
Louis, 58
Louis, 59
Louis, 60
Louis, 61
Louis, 62
Louis, 63
Louis, 64
Louis, 65
Louis, 66
Louis, 67
Louis, 68
Louis, 69
Louis, 70
Louis, 71
Louis, 72
Louis, 73
Louis, 74
Louis, 75
Louis, 76
Louis, 77
Louis, 78
Louis, 79
Louis, 80
Louis, 81
Louis, 82
Louis, 83
Louis, 84
Louis, 85
Louis, 86
Louis, 87
Louis, 88
Louis, 89
Louis, 90
Louis, 91
Louis, 92
Louis, 93
Louis, 94
Louis, 95
Louis, 96
Louis, 97
Louis, 98
Louis, 99
